Name,Age,Gender
Lawrence Hood,52,Male
Daniel Williams,37,Male
Justin Alvarez V,31,Female
Barbara Hamilton,71,Female
Andrea Ortiz,40,Male
Scott Sharp,62,Male
Gregory Jones,46,Female
Brittany Powell,26,Male
Michael Park,73,Female
Laura Nguyen,35,Male
Sara Randolph,79,Male
Bryan Edwards,44,Male
Scott Jefferson,55,Female
Michael Perry,35,Male
William Mathis,69,Female
James Davis,50,Male
Tyler Rogers,61,Male
Anthony Perez,47,Male
Ashley Collins,76,Male
Edward Kerr,20,Male
Gary Smith,47,Male
Aaron Cannon,20,Male
Raven Adams,48,Female
Julie Moss,35,Male
Steven Spencer,19,Female
Teresa Allen,75,Male
Maria Barnett,57,Male
Tracy Newton,37,Male
Samuel Howell,64,Male
Melissa Smith,30,Female
Caleb Olson,46,Female
Michael Aguilar,39,Male
Edward Collins,35,Male
William Clark,74,Male
Suzanne York,27,Male
Rodney Wilson,60,Male
Kenneth Pham,40,Male
Olivia Phillips,56,Female
Jeffrey Johnson,51,Female
Larry Jones,41,Female
Timothy White,62,Male
Brian Johnson,53,Female
Lauren Jimenez,52,Female
Alicia Smith,31,Female
Anthony Hardy,55,Male
Ryan Burke,80,Female
Kayla Alvarez,51,Male
Katelyn Mccoy,39,Male
Joshua Johnson,78,Female
Richard Terry,55,Male
Sara Forbes,42,Female
Kelly Rodriguez,33,Male
Antonio Dean,34,Male
Megan Herrera,75,Female
William Wilson,60,Female
Jamie Joseph,27,Male
Mark Watson,47,Male
Robert Knox,24,Male
Jennifer Spencer,40,Female
Alexa Cobb,31,Female
Mary Dodson,74,Male
Robert Kaiser,51,Male
Ricky Arnold,21,Male
Jeffrey Hill,67,Male
Justin Jones,20,Female
Megan Vargas,70,Female
Lauren Boyd,41,Female
Rebecca Saunders,19,Female
Sharon Lopez,76,Male
Kimberly Taylor,21,Female
Beth Mendoza,62,Male
Jose Gentry,49,Female
Wyatt Pace,59,Male
Mallory Lewis,29,Female
David Bell,31,Male
Timothy Sanders,61,Male
Tina Harrell,23,Female
Taylor Hanson,20,Female
Joe Howard,66,Female
Benjamin Davis,69,Male
Mackenzie White,30,Female
Emily Cortez,19,Female
Rebecca Smith,45,Female
Daniel Wallace,26,Male
Travis Wright,59,Male
Timothy Alvarez,31,Male
Kimberly Hall,77,Male
Carl Goodman,51,Female
Patricia Maynard,60,Female
Charlotte Brandt,50,Male
Heather Bush,57,Male
Heather Fuller,22,Male
John Sparks,20,Female
Robert Bishop,29,Male
Stacy Scott,49,Male
Erin Dorsey,41,Female
Jessica Burch,64,Male
Richard Adams,48,Male
Darrell Goodwin,67,Female
Michelle Santiago,37,Female
